linking_page,count_across_exports,source_files
https://www.sparkshark.com/,4,"https___www.sparkshark.com_-Your pages linking to this page-2026-05-10 (1).csv, https___www.sparkshark.com_-Your pages linking to this page-2026-05-10 (2).csv, https___www.sparkshark.com_-Your pages linking to this page-2026-05-10 (4).csv, https___www.sparkshark.com_-Your pages linking to this page-2026-05-10 (5).csv"
https://www.sparkshark.com/2023/12/28/empower-your-home-the-case-for-upgrading-your-electrical-panel-with-spark-shark/,5,"https___www.sparkshark.com_-Your pages linking to this page-2026-05-10 (1).csv, https___www.sparkshark.com_-Your pages linking to this page-2026-05-10 (2).csv, https___www.sparkshark.com_-Your pages linking to this page-2026-05-10 (4).csv, https___www.sparkshark.com_-Your pages linking to this page-2026-05-10 (5).csv, https___www.sparkshark.com_-Your pages linking to this page-2026-05-10.csv"
https://www.sparkshark.com/2023/12/29/closing-the-deal-with-confidence-why-realtors-should-choose-flanco-electric-for-home-repairs/,5,"https___www.sparkshark.com_-Your pages linking to this page-2026-05-10 (1).csv, https___www.sparkshark.com_-Your pages linking to this page-2026-05-10 (2).csv, https___www.sparkshark.com_-Your pages linking to this page-2026-05-10 (4).csv, https___www.sparkshark.com_-Your pages linking to this page-2026-05-10 (5).csv, https___www.sparkshark.com_-Your pages linking to this page-2026-05-10.csv"
https://www.sparkshark.com/2023/12/29/powering-peace-of-mind-unveiling-the-benefits-of-a-home-generator-with-flanco-electric/,5,"https___www.sparkshark.com_-Your pages linking to this page-2026-05-10 (1).csv, https___www.sparkshark.com_-Your pages linking to this page-2026-05-10 (2).csv, https___www.sparkshark.com_-Your pages linking to this page-2026-05-10 (4).csv, https___www.sparkshark.com_-Your pages linking to this page-2026-05-10 (5).csv, https___www.sparkshark.com_-Your pages linking to this page-2026-05-10.csv"
https://www.sparkshark.com/2024/01/03/ground-fault-interrupters-the-power-of-gfi-outlets-by-flanco-electric/,5,"https___www.sparkshark.com_-Your pages linking to this page-2026-05-10 (1).csv, https___www.sparkshark.com_-Your pages linking to this page-2026-05-10 (2).csv, https___www.sparkshark.com_-Your pages linking to this page-2026-05-10 (4).csv, https___www.sparkshark.com_-Your pages linking to this page-2026-05-10 (5).csv, https___www.sparkshark.com_-Your pages linking to this page-2026-05-10.csv"
https://www.sparkshark.com/2024/01/03/stay-powered-up-essential-electrical-winter-safety-tips/,5,"https___www.sparkshark.com_-Your pages linking to this page-2026-05-10 (1).csv, https___www.sparkshark.com_-Your pages linking to this page-2026-05-10 (2).csv, https___www.sparkshark.com_-Your pages linking to this page-2026-05-10 (4).csv, https___www.sparkshark.com_-Your pages linking to this page-2026-05-10 (5).csv, https___www.sparkshark.com_-Your pages linking to this page-2026-05-10.csv"
https://www.sparkshark.com/2024/01/12/join-our-team-flanco-electric-is-hiring-experienced-journeyman-electricians/,5,"https___www.sparkshark.com_-Your pages linking to this page-2026-05-10 (1).csv, https___www.sparkshark.com_-Your pages linking to this page-2026-05-10 (2).csv, https___www.sparkshark.com_-Your pages linking to this page-2026-05-10 (4).csv, https___www.sparkshark.com_-Your pages linking to this page-2026-05-10 (5).csv, https___www.sparkshark.com_-Your pages linking to this page-2026-05-10.csv"
https://www.sparkshark.com/2024/01/24/why-you-need-a-professional-for-generator-installation/,3,"https___www.sparkshark.com_-Your pages linking to this page-2026-05-10 (4).csv, https___www.sparkshark.com_-Your pages linking to this page-2026-05-10 (5).csv, https___www.sparkshark.com_-Your pages linking to this page-2026-05-10.csv"
https://www.sparkshark.com/2024/01/24/why-you-should-hire-a-professional-for-electrical-installations/,5,"https___www.sparkshark.com_-Your pages linking to this page-2026-05-10 (1).csv, https___www.sparkshark.com_-Your pages linking to this page-2026-05-10 (2).csv, https___www.sparkshark.com_-Your pages linking to this page-2026-05-10 (4).csv, https___www.sparkshark.com_-Your pages linking to this page-2026-05-10 (5).csv, https___www.sparkshark.com_-Your pages linking to this page-2026-05-10.csv"
https://www.sparkshark.com/about-us/,4,"https___www.sparkshark.com_-Your pages linking to this page-2026-05-10 (2).csv, https___www.sparkshark.com_-Your pages linking to this page-2026-05-10 (4).csv, https___www.sparkshark.com_-Your pages linking to this page-2026-05-10 (5).csv, https___www.sparkshark.com_-Your pages linking to this page-2026-05-10.csv"
https://www.sparkshark.com/blogs/,4,"https___www.sparkshark.com_-Your pages linking to this page-2026-05-10 (1).csv, https___www.sparkshark.com_-Your pages linking to this page-2026-05-10 (4).csv, https___www.sparkshark.com_-Your pages linking to this page-2026-05-10 (5).csv, https___www.sparkshark.com_-Your pages linking to this page-2026-05-10.csv"
https://www.sparkshark.com/commercial-electrical-solutions/,5,"https___www.sparkshark.com_-Your pages linking to this page-2026-05-10 (1).csv, https___www.sparkshark.com_-Your pages linking to this page-2026-05-10 (2).csv, https___www.sparkshark.com_-Your pages linking to this page-2026-05-10 (4).csv, https___www.sparkshark.com_-Your pages linking to this page-2026-05-10 (5).csv, https___www.sparkshark.com_-Your pages linking to this page-2026-05-10.csv"
https://www.sparkshark.com/contact-us/,4,"https___www.sparkshark.com_-Your pages linking to this page-2026-05-10 (1).csv, https___www.sparkshark.com_-Your pages linking to this page-2026-05-10 (2).csv, https___www.sparkshark.com_-Your pages linking to this page-2026-05-10 (5).csv, https___www.sparkshark.com_-Your pages linking to this page-2026-05-10.csv"
https://www.sparkshark.com/electrical-inspection-services/,5,"https___www.sparkshark.com_-Your pages linking to this page-2026-05-10 (1).csv, https___www.sparkshark.com_-Your pages linking to this page-2026-05-10 (2).csv, https___www.sparkshark.com_-Your pages linking to this page-2026-05-10 (4).csv, https___www.sparkshark.com_-Your pages linking to this page-2026-05-10 (5).csv, https___www.sparkshark.com_-Your pages linking to this page-2026-05-10.csv"
https://www.sparkshark.com/electrical-installation/,4,"https___www.sparkshark.com_-Your pages linking to this page-2026-05-10 (1).csv, https___www.sparkshark.com_-Your pages linking to this page-2026-05-10 (2).csv, https___www.sparkshark.com_-Your pages linking to this page-2026-05-10 (4).csv, https___www.sparkshark.com_-Your pages linking to this page-2026-05-10.csv"
https://www.sparkshark.com/electrical-panels/,5,"https___www.sparkshark.com_-Your pages linking to this page-2026-05-10 (1).csv, https___www.sparkshark.com_-Your pages linking to this page-2026-05-10 (2).csv, https___www.sparkshark.com_-Your pages linking to this page-2026-05-10 (4).csv, https___www.sparkshark.com_-Your pages linking to this page-2026-05-10 (5).csv, https___www.sparkshark.com_-Your pages linking to this page-2026-05-10.csv"
https://www.sparkshark.com/electrical-repair-and-service/,5,"https___www.sparkshark.com_-Your pages linking to this page-2026-05-10 (1).csv, https___www.sparkshark.com_-Your pages linking to this page-2026-05-10 (2).csv, https___www.sparkshark.com_-Your pages linking to this page-2026-05-10 (4).csv, https___www.sparkshark.com_-Your pages linking to this page-2026-05-10 (5).csv, https___www.sparkshark.com_-Your pages linking to this page-2026-05-10.csv"
https://www.sparkshark.com/generators/,5,"https___www.sparkshark.com_-Your pages linking to this page-2026-05-10 (1).csv, https___www.sparkshark.com_-Your pages linking to this page-2026-05-10 (2).csv, https___www.sparkshark.com_-Your pages linking to this page-2026-05-10 (4).csv, https___www.sparkshark.com_-Your pages linking to this page-2026-05-10 (5).csv, https___www.sparkshark.com_-Your pages linking to this page-2026-05-10.csv"
https://www.sparkshark.com/indoor-lighting-installation/,5,"https___www.sparkshark.com_-Your pages linking to this page-2026-05-10 (1).csv, https___www.sparkshark.com_-Your pages linking to this page-2026-05-10 (2).csv, https___www.sparkshark.com_-Your pages linking to this page-2026-05-10 (4).csv, https___www.sparkshark.com_-Your pages linking to this page-2026-05-10 (5).csv, https___www.sparkshark.com_-Your pages linking to this page-2026-05-10.csv"
https://www.sparkshark.com/industrial-electrical-solutions/,5,"https___www.sparkshark.com_-Your pages linking to this page-2026-05-10 (1).csv, https___www.sparkshark.com_-Your pages linking to this page-2026-05-10 (2).csv, https___www.sparkshark.com_-Your pages linking to this page-2026-05-10 (4).csv, https___www.sparkshark.com_-Your pages linking to this page-2026-05-10 (5).csv, https___www.sparkshark.com_-Your pages linking to this page-2026-05-10.csv"
https://www.sparkshark.com/our-residential-electrical-services/,5,"https___www.sparkshark.com_-Your pages linking to this page-2026-05-10 (1).csv, https___www.sparkshark.com_-Your pages linking to this page-2026-05-10 (2).csv, https___www.sparkshark.com_-Your pages linking to this page-2026-05-10 (4).csv, https___www.sparkshark.com_-Your pages linking to this page-2026-05-10 (5).csv, https___www.sparkshark.com_-Your pages linking to this page-2026-05-10.csv"
https://www.sparkshark.com/price/,2,"https___www.sparkshark.com_-Your pages linking to this page-2026-05-10 (1).csv, https___www.sparkshark.com_-Your pages linking to this page-2026-05-10 (2).csv"
https://www.sparkshark.com/privacy-policy/,5,"https___www.sparkshark.com_-Your pages linking to this page-2026-05-10 (1).csv, https___www.sparkshark.com_-Your pages linking to this page-2026-05-10 (2).csv, https___www.sparkshark.com_-Your pages linking to this page-2026-05-10 (4).csv, https___www.sparkshark.com_-Your pages linking to this page-2026-05-10 (5).csv, https___www.sparkshark.com_-Your pages linking to this page-2026-05-10.csv"
https://www.sparkshark.com/residential-electrical-solutions/,5,"https___www.sparkshark.com_-Your pages linking to this page-2026-05-10 (1).csv, https___www.sparkshark.com_-Your pages linking to this page-2026-05-10 (2).csv, https___www.sparkshark.com_-Your pages linking to this page-2026-05-10 (4).csv, https___www.sparkshark.com_-Your pages linking to this page-2026-05-10 (5).csv, https___www.sparkshark.com_-Your pages linking to this page-2026-05-10.csv"
https://www.sparkshark.com/reviews/,5,"https___www.sparkshark.com_-Your pages linking to this page-2026-05-10 (1).csv, https___www.sparkshark.com_-Your pages linking to this page-2026-05-10 (2).csv, https___www.sparkshark.com_-Your pages linking to this page-2026-05-10 (4).csv, https___www.sparkshark.com_-Your pages linking to this page-2026-05-10 (5).csv, https___www.sparkshark.com_-Your pages linking to this page-2026-05-10.csv"
https://www.sparkshark.com/services/,5,"https___www.sparkshark.com_-Your pages linking to this page-2026-05-10 (1).csv, https___www.sparkshark.com_-Your pages linking to this page-2026-05-10 (2).csv, https___www.sparkshark.com_-Your pages linking to this page-2026-05-10 (4).csv, https___www.sparkshark.com_-Your pages linking to this page-2026-05-10 (5).csv, https___www.sparkshark.com_-Your pages linking to this page-2026-05-10.csv"
https://www.sparkshark.com/services/emergency-electrician/,5,"https___www.sparkshark.com_-Your pages linking to this page-2026-05-10 (1).csv, https___www.sparkshark.com_-Your pages linking to this page-2026-05-10 (2).csv, https___www.sparkshark.com_-Your pages linking to this page-2026-05-10 (4).csv, https___www.sparkshark.com_-Your pages linking to this page-2026-05-10 (5).csv, https___www.sparkshark.com_-Your pages linking to this page-2026-05-10.csv"
https://www.sparkshark.com/terms-and-condition/,5,"https___www.sparkshark.com_-Your pages linking to this page-2026-05-10 (1).csv, https___www.sparkshark.com_-Your pages linking to this page-2026-05-10 (2).csv, https___www.sparkshark.com_-Your pages linking to this page-2026-05-10 (4).csv, https___www.sparkshark.com_-Your pages linking to this page-2026-05-10 (5).csv, https___www.sparkshark.com_-Your pages linking to this page-2026-05-10.csv"
